{"cameraMode":{"drawMode":0,"name":"Shaded","section":"Shading Mode"},"sceneLighting":true,"audioPlay":false,"sceneViewState":{"m_AlwaysRefresh":false,"showFog":true,"showSkybox":true,"showFlares":true,"showImageEffects":true,"showParticleSystems":true,"showVisualEffectGraphs":true,"m_FxEnabled":true},"in2DMode":false,"pivot":{"x":57.800987243652347,"y":167.60707092285157,"z":-109.898193359375},"rotation":{"x":-0.38719668984413149,"y":-0.02986406534910202,"z":0.012549647130072117,"w":-0.9214252829551697},"size":17.03240203857422,"orthographic":false}